code  ,db_code_desc                                                        ,clean_name                                                      ,CLEAN NAME EDITED                         ,
21601 ,EXCISION CHEST WALL TUMOR INCLUDING RIBS                            ,General thoracic procedure                                      ,MUSCULOSKELETAL THORACIC PROCEDURE        ,
21602 ,EXCISION CHEST WALL TUM W/RIB W/O MEDSTNL LYMPHADEC                 ,General thoracic procedure                                      ,MUSCULOSKELETAL THORACIC PROCEDURE        ,
21603 ,EXCISION CHEST WALL TUM W/RIB W/MEDSTNL LYMPHADEC                   ,General thoracic procedure                                      ,MUSCULOSKELETAL THORACIC PROCEDURE        ,
21615 ,EXCISION 1ST &/CERVICAL RIB                                         ,                                                                ,MUSCULOSKELETAL THORACIC PROCEDURE        ,
21627 ,STERNAL DEBRIDEMENT                                                 ,                                                                ,MUSCULOSKELETAL THORACIC PROCEDURE        ,
21740 ,REPAIR PECTUS EXCAVATUM/CARINATUM OPEN                              ,                                                                ,PECTUS EXCAVATUM                          ,
21742 ,"RECONST PECTUS EXCAV/CARIN,OPEN"                                   ,General thoracic procedure                                      ,PECTUS EXCAVATUM                          ,
21743 ,REPAIR PECTUS EXCAVATM/CARINATM MINLY W/THRSC                       ,                                                                ,PECTUS EXCAVATUM                          ,
21750 ,CLOSE MEDIAN STERNOTOMY SEP W/WO DEBRIDEMENT SPX                    ,                                                                ,MUSCULOSKELETAL THORACIC PROCEDURE        ,
32035 ,"THORACOSTOMY,RIB RESECT,EMPYEMA"                                   ,Thoracic/Lung procedure                                         ,THORACOSTOMY                              ,
32036 ,THORACOSTOMY OPEN FLAP DRAINAGE EMPYEMA                             ,                                                                ,THORACOSTOMY                              ,
32096 ,THORACTOMY W/DX BX LUNG INFILTRATE UNILATERAL                       ,Thoracotomy                                                     ,THORACOTOMY/LUNG PROCEDURE                ,
32097 ,THORACTOMY W/DX BX LUNG NODULE/MASS UNILATERAL                      ,Thoracotomy                                                     ,THORACOTOMY/LUNG PROCEDURE                ,
32098 ,THORACOTOMY W/BIOPSY OF PLEURA                                      ,Thoracotomy                                                     ,THORACOTOMY/PLEURAL PROCEDURE             ,
32100 ,THORACOTOMY WITH EXPLORATION                                        ,Thoracotomy                                                     ,THORACOTOMY                               ,
32110 ,THORCOM CTRL TRAUMTC HEMRRG&/RPR LNG TEAR                           ,Thoracotomy                                                     ,THORACOTOMY/LUNG PROCEDURE                ,
32120 ,THORACOTOMY POSTOPERATIVE COMPLICATIONS                             ,Thoracotomy                                                     ,THORACOTOMY                               ,
32124 ,THORACOTOMY OPN INTRAPLEURAL PNEUMONOLYSIS                          ,Thoracotomy                                                     ,THORACOTOMY/LUNG PROCEDURE                ,
32140 ,"THORACOTOMY,CYST REMOVAL "                                         ,Thoracic/Lung procedure                                         ,THORACOTOMY/LUNG PROCEDURE                ,
32141 ,THORACOTOMY W/RESECTION BULLAE                                      ,Thoracotomy                                                     ,THORACOTOMY/LUNG PROCEDURE                ,
32150 ,THORCOM W/RMVL INTRAPLEURAL FB/FIBRIN DEP                           ,Thoracotomy                                                     ,THORACOTOMY/PLEURAL PROCEDURE             ,
32151 ,"THORACOTOMY,REMV PULM FOREIGN BODY"                                ,Thoracic/Lung procedure                                         ,THORACOTOMY/LUNG PROCEDURE                ,
32160 ,THORACOTOMY W/CARDIAC MASSAGE                                       ,Thoracotomy                                                     ,THORACOTOMY                               ,
32200 ,PNEUMONOSTOMY W/OPEN DRAINAGE ABSCESS/CYST                          ,                                                                ,THORACOTOMY/LUNG PROCEDURE                ,
32215 ,PLEURAL SCARIFICATN FOR MULT PTX                                    ,Thoracic/Lung procedure                                         ,THORACOTOMY/PLEURAL PROCEDURE             ,
32220 ,DECORTICATION PULMONARY TOTAL SEPARATE PROCEDURE                    ,Decortication                                                   ,DECORTICATION                             ,
32225 ,DECORTICATION PULMONARY PARTIAL SEPARATE PROC                       ,Decortication                                                   ,DECORTICATION                             ,
32310 ,REMOVAL PARIETAL PLEURA                                             ,Thoracic/Lung procedure                                         ,THORACOTOMY/PLEURAL PROCEDURE             ,
32320 ,DECORTICATION & PARIETAL PLEURECTOMY                                ,Decortication                                                   ,DECORTICATION                             ,
32440 ,REMOVAL OF LUNG PNEUMONECTOMY                                       ,Pneumonectomy                                                   ,PNEUMONECTOMY                             ,
32442 ,"REMV LUNG,RESEC PART TRACHEA"                                      ,Thoracic/Lung procedure                                         ,PNEUMONECTOMY                             ,
32445 ,REMOVAL LUNG PNEUMONECTOMY EXTRAPLEURAL                             ,Pneumonectomy                                                   ,PNEUMONECTOMY                             ,
32480 ,RMVL LUNG OTHER THAN PNEUMONECTOMY 1 LOBE LOBECT                    ,Partial Lung Removal                                            ,PARTIAL LUNG REMOVAL                      ,
32482 ,RMVL LUNG OTHER THAN PNEUMONECT 2 LOBES BILOBEC                     ,Partial Lung Removal                                            ,PARTIAL LUNG REMOVAL                      ,
32484 ,RMVL LUNG OTHER THAN PNEUMONECT 1 SEGMENTECTOMY                     ,Partial Lung Removal                                            ,PARTIAL LUNG REMOVAL                      ,
32486 ,RMVL LUNG XCP TOT PNEUMONECTOMY SLEEVE LOBECTOMY                    ,Partial Lung Removal                                            ,PARTIAL LUNG REMOVAL                      ,
32488 ,RMVL LUNG OTHER/THAN PNUMEC COMPLETION PNUMEC                       ,Partial Lung Removal                                            ,PARTIAL LUNG REMOVAL                      ,
32491 ,REMV EMPHYSEMATOUS LUNG W VOLUM REDN                                ,Thoracic/Lung procedure                                         ,THORACOTOMY/LUNG PROCEDURE                ,
32501 ,RESCJ&BRONCHOPLASTY PFRMD TM LOBEC/SGMECTOMY                        ,                                                                ,PARTIAL LUNG REMOVAL                      ,
32503 ,RESECT APICAL LUNG TUMOR                                            ,Thoracic/Lung procedure                                         ,THORACOTOMY/LUNG PROCEDURE                ,
32504 ,RESECT APICAL LUNG TUM/ CHEST WALL RECONST                          ,Thoracic/Lung procedure                                         ,THORACOTOMY/LUNG PROCEDURE                ,
32505 ,THORACOTOMY W/THERAPEUTIC WEDGE RESEXN INITIAL                      ,Thoracotomy                                                     ,WEDGE RESECTION                           ,
32507 ,THORACOTOMY W/DX WEDGE RESEXN & ANTOM LUNG RESE                     ,Thoracotomy                                                     ,WEDGE RESECTION                           ,
32540 ,EXTRAPLEURAL ENUCLEATION EMPYEMA EMPYEMECTOMY                       ,                                                                ,THORACOTOMY                               ,
32601 ,THORSC DX LUNGS/PERICAR/MED/PLEURAL SPACE W/O BX                    ,Thoracoscopy                                                    ,THORACOSCOPY(VATS)                        ,
32604 ,THORACOSCOPY DX PERICARDIAL SAC W/BIOPSY SPX                        ,Thoracoscopy                                                    ,THORACOSCOPY(VATS)/PERICARDIAL PROCEDURE  ,
32606 ,THORACOSCOPY DX MEDIASTINAL SPACE W/BIOPSY SPX                      ,Thoracoscopy                                                    ,THORACOSCOPY(VATS)/MEDIASTINAL PROCEDURE  ,
32607 ,THORACOSCOPY W/DX BX OF LUNG INFILTRATE UNILATRL                    ,Thoracoscopy                                                    ,THORACOSCOPY(VATS)/LUNG PROCEDURE         ,
32608 ,THORACOSCOPY W/DX BX OF LUNG NODULES UNILATRL                       ,Thoracoscopy                                                    ,THORACOSCOPY(VATS)/LUNG PROCEDURE         ,
32609 ,THORACOSCOPY WITH BIOPSYIES OF PLEURA                               ,Thoracoscopy                                                    ,THORACOSCOPY(VATS)/PLEURAL PROCEDURE      ,
32650 ,THORACOSCOPY W/PLEURODESIS                                          ,Thoracoscopy                                                    ,THORACOSCOPY(VATS)/PLEURAL PROCEDURE      ,
32651 ,THORACOSCOPY W/PARTIAL PULMONARY DECORTICATION                      ,Thoracoscopy                                                    ,THORACOSCOPY(VATS)/DECORTICATION          ,
32652 ,THRSC TOT PULM DCRTCTJ INTRAPLEURAL PNEUMONOLSS                     ,Thoracoscopy                                                    ,THORACOSCOPY(VATS)/DECORTICATION          ,
32653 ,THORACOSCOPY RMVL INTRAPLEURAL FB/FIBRIN DEPOSIT                    ,Thoracoscopy                                                    ,THORACOSCOPY(VATS)/PLEURAL PROCEDURE      ,
32654 ,THORACOSCOPY CONTROL TRAUMATIC HEMORRHAGE                           ,Thoracoscopy                                                    ,THORACOSCOPY(VATS)                        ,
32655 ,THORACOSCOPY W/RESECTION BULLAE W/WO PLEURAL PX                     ,Thoracoscopy                                                    ,THORACOSCOPY(VATS)/LUNG PROCEDURE         ,
32656 ,THORACOSCOPY W/PARIETAL PLEURECTOMY                                 ,Thoracoscopy                                                    ,THORACOSCOPY(VATS)/PLEURAL PROCEDURE      ,
32658 ,THORACOSCOPY SURG EXC FB/CLOT PERICA                                ,Thoracic/Lung procedure                                         ,THORACOSCOPY(VATS)/PERICARDIAL PROCEDURE  ,
32659 ,THRSC CRTJ PRCRD WINDOW/PRTL RESCJ PRCRD SAC                        ,Thoracoscopy                                                    ,THORACOSCOPY(VATS)/PERICARDIAL PROCEDURE  ,
32661 ,THORACOSCOPY W/EXC PERICARDIAL CYST TUMOR/MASS                      ,Thoracoscopy                                                    ,THORACOSCOPY(VATS)/PERICARDIAL PROCEDURE  ,
32662 ,THORACOSCOPY W/EXC MEDIASTINAL CYST TUMOR/MASS                      ,Thoracoscopy                                                    ,THORACOSCOPY(VATS)/MEDIASTINAL PROCEDURE  ,
32663 ,THORACOSCOPY W/LOBECTOMY SINGLE LOBE                                ,Thoracoscopy                                                    ,THORACOSCOPY(VATS)/PARTIAL LUNG REMOVAL   ,
32664 ,THORACOSCOPY W/THORACIC SYMPATHECTOMY                               ,Thoracoscopy                                                    ,THORACOSCOPY(VATS)/SYMPATHECTOMY          ,
32665 ,THORACOSCOPY W/ESOPHAGOMYOTOMY HELLER TYPE                          ,Thoracoscopy                                                    ,THORACOSCOPY(VATS)/ESOPHAGEAL PROCEDURE   ,
32666 ,THORACOSCOPY W/THERA WEDGE RESEXN INITIAL UNILAT                    ,Thoracoscopy                                                    ,THORACOSCOPY(VATS)/WEDGE RESECTION        ,
32667 ,THORACOSCOPY W/THERA WEDGE RESEXN ADDL IPSILATRL                    ,Thoracoscopy                                                    ,THORACOSCOPY(VATS)/WEDGE RESECTION        ,
32668 ,THORACOSCOPY W/DX WEDGE RESEXN ANATO LUNG RESEXN                    ,Thoracoscopy                                                    ,THORACOSCOPY(VATS)/WEDGE RESECTION        ,
32669 ,THORACOSCOPY W/SEGMENTECTOMY                                        ,Thoracoscopy                                                    ,THORACOSCOPY(VATS)/PARTIAL LUNG REMOVAL   ,
32670 ,THORACOSCOPY W/BILOBECTOMY                                          ,Thoracoscopy                                                    ,THORACOSCOPY(VATS)/PARTIAL LUNG REMOVAL   ,
32671 ,THORACOSCOPY W/PNEUMONECTOMY                                        ,Thoracoscopy                                                    ,THORACOSCOPY(VATS)/PNEUMONECTOMY          ,
32672 ,THORACOSCOPY W/RESEXN-PLICAJ EMPHYSEMA LUNG UNIL                    ,Thoracoscopy                                                    ,THORACOSCOPY(VATS)/LUNG PROCEDURE         ,
32673 ,THORACOSCOPY RESEXN THYMUS UNI/BILATERAL                            ,Thoracoscopy                                                    ,THORACOSCOPY(VATS)/THYMECTOMY             ,
32674 ,THORCOSCPY W/MEDIASTINL & REGIONL LYMPHDENECTOMY                    ,Thoracoscopy                                                    ,THORACOSCOPY(VATS)/LYMPHADENECTOMY        ,
32800 ,REPAIR LUNG HERNIA THROUGH CHEST WALL                               ,                                                                ,MUSCULOSKELETAL THORACIC PROCEDURE        ,
32810 ,CLOSE CHEST AFTER DRAINAGE                                          ,Thoracic/Lung procedure                                         ,MUSCULOSKELETAL THORACIC PROCEDURE        ,
32815 ,OPEN CLOSURE MAJOR BRONCHIAL FISTULA                                ,                                                                ,THORACOTOMY                               ,
32820 ,MAJOR RECONSTRUCTION CHEST WALL POSTTRAUMATIC                       ,                                                                ,MUSCULOSKELETAL THORACIC PROCEDURE        ,
32851 ,LUNG TRANSPLANT 1 W/O CARDIOPULMONARY BYPASS                        ,Lung Transplant                                                 ,LUNG TRANSPLANT                           ,
32852 ,LUNG TRANSPLANT 1 W/CARDIOPULMONARY BYPASS                          ,Lung Transplant                                                 ,LUNG TRANSPLANT                           ,
32853 ,LUNG TRANSPLANT 2 W/O CARDIOPULMONARY BYPASS                        ,Lung Transplant                                                 ,LUNG TRANSPLANT                           ,
32854 ,LUNG TRANSPLANT 2 W/CARDIOPULMONARY BYPASS                          ,Lung Transplant                                                 ,LUNG TRANSPLANT                           ,
32855 ,BKBENCH PREPJ CADAVER DONOR LUNG ALLOGRAFT UNI                      ,                                                                ,EXCLUDE/IGNORE                            ,
32856 ,BKBENCH PREPJ CADAVER DONOR LUNG ALLOGRAFT BI                       ,                                                                ,EXCLUDE/IGNORE                            ,
32900 ,REMOVAL OF RIB(S)                                                   ,Thoracic/Lung procedure                                         ,THORACOPLASTY                             ,
32905 ,THORACOPLASTY                                                       ,Thoracic/Lung procedure                                         ,THORACOPLASTY                             ,
32906 ,"THORACOPLASTY,CLOSE BP FISTULA "                                   ,Thoracic/Lung procedure                                         ,THORACOPLASTY                             ,
33020 ,PERICARDIOTOMY REMOVAL CLOT/FOREIGN BODY PRIMARY                    ,                                                                ,PERICARDIAL PROCEDURE                     ,
33025 ,CRTJ PERICARDIAL WINDOW/PRTL RESECJ W/DRG/BX                        ,                                                                ,PERICARDIAL PROCEDURE                     ,
33030 ,PRICARDIECTOMY STOT/COMPL W/O CARDPULM BYPASS                       ,                                                                ,PERICARDIECTOMY                           ,
33031 ,PRICARDIECTOMY STOT/COMPL W/CARDPULM BYPASS                         ,                                                                ,PERICARDIECTOMY                           ,
33050 ,RESECTION PERICARDIAL CYST/TUMOR                                    ,                                                                ,PERICARDIAL PROCEDURE                     ,
33120 ,EXC INTRACARDIAC TUMOR RESCJ CARDIOPULMONARY BYP                    ,                                                                ,CARDIAC PROCEDURE                         ,
33130 ,REMOVAL HEART LESION EXTERN                                         ,Thoracic/cardiac procedure                                      ,CARDIAC PROCEDURE                         ,
33140 ,TRANSMYOCARDIAL LASER REVASCULAR THORACOTOMY SPX                    ,                                                                ,CARDIAC PROCEDURE                         ,
33141 ,TRANSMYOCRD LASER REVSC PFRMD TM OTH OPN CAR PX                     ,                                                                ,CARDIAC PROCEDURE                         ,
33202 ,INSERTION EPICARDIAL ELECTRODE OPEN                                 ,                                                                ,PACEMAKER PLACEMENT                       ,
33203 ,INSERTION EPICARDIAL ELECTRODE ENDOSCOPIC                           ,                                                                ,PACEMAKER PLACEMENT/ENDOSCOPIC            ,
33236 ,REMV EPICARD SYST ONE LD/THORACOTMY                                 ,Thoracic/cardiac procedure                                      ,PACEMAKER REMOVAL                         ,
33237 ,RMVL PRM EPICAR PM&ELTRDS THORCOM DUAL LEAD SY                      ,                                                                ,PACEMAKER REMOVAL                         ,
33238 ,RMVL PRM TRANSVENOUS ELECTRODE THORACOTOMY                          ,                                                                ,PACEMAKER REMOVAL                         ,
33243 ,RMVL 1/DUAL CHAMBER DEFIB ELECTRODE BY THORACOM                     ,                                                                ,PACEMAKER REMOVAL                         ,
33250 ,ABLATION SUPRAVENT ARRHYTHMOGENIC FOCUS                             ,Thoracic/cardiac procedure                                      ,ATRIAL ABLATION                           ,
33251 ,ABLAT HRT DYSRHYTHM FOCUS W BYPASS                                  ,Thoracic/cardiac procedure                                      ,ATRIAL ABLATION                           ,
33254 ,ABLATION & RECONSTRUCTION ATRIA LIMITED                             ,                                                                ,ATRIAL ABLATION                           ,
33255 ,"ABLATE/ RECONSTUCT ATRIA, EXTENS, W/O BYPASS"                      ,Thoracic/cardiac procedure                                      ,ATRIAL ABLATION                           ,
33256 ,ABLATION & RCNSTJ ATRIA EXTNSV W/BYPASS                             ,                                                                ,ATRIAL ABLATION                           ,
33257 ,ATRIA ABLATE & RCNSTJ W/OTHER PROCEDURE LIMITE                      ,                                                                ,ATRIAL ABLATION                           ,
33258 ,"ABLATE/ RECONSTUCT ATRIA, W OTHER PROCED EXTENS W/O BYPASS"        ,Thoracic/cardiac procedure                                      ,ATRIAL ABLATION                           ,
33259 ,ATRIA ABLTJ & RCNSTJ W/OTHER PX EXTEN W/BYPASS                      ,                                                                ,ATRIAL ABLATION                           ,
33261 ,OPRATIVE ABLTJ VENTR ARRHYTHMOGENIC FOC W/BYPASS                    ,                                                                ,VENTRICULAR ABLATION                      ,
33265 ,NDSC ABLATION & RCNSTJ ATRIA LIMITED W/O BYPAS                      ,                                                                ,ATRIAL ABLATION/ENDOSCOPIC                ,
33266 ,"ENDO ABLATE/ RECONSTUCT ATRIA, EXTENS, W/O BYPASS"                 ,Thoracic/cardiac procedure                                      ,ATRIAL ABLATION/ENDOSCOPIC                ,
33300 ,REPAIR CARDIAC WOUND W/O BYPASS                                     ,                                                                ,CARDIAC PROCEDURE                         ,
33305 ,REPAIR CARDIAC WOUND W/CARDIOPULMONARY BYPASS                       ,                                                                ,CARDIAC PROCEDURE                         ,
33310 ,CARDIOT EXPL W/RMVL FB ATR/VENTR THRMB W/O BYP                      ,                                                                ,CARDIAC PROCEDURE                         ,
33315 ,CARDIOT EXPL RMVL FB ATR/VENTR THRMB CARD BYP                       ,                                                                ,CARDIAC PROCEDURE                         ,
33320 ,SUTR RPR AORTA/GRT VSL W/O SHUNT/CARD BYP                           ,                                                                ,AORTA/GREAT VESSEL PROCEDURE              ,
33321 ,REAO/GRT VESSEL W SHNT BYPASS                                       ,Thoracic/cardiac procedure                                      ,AORTA/GREAT VESSEL PROCEDURE              ,
33322 ,SUTURE REPAIR AORTA/GREAT VESSEL W/BYPASS                           ,                                                                ,AORTA/GREAT VESSEL PROCEDURE              ,
33330 ,INSERT AO/GRT VESS GRFT                                             ,Thoracic/cardiac procedure                                      ,AORTA/GREAT VESSEL PROCEDURE              ,
33335 ,INSJ GRAFT AORTA/GREAT VESSEL W/BYPASS                              ,                                                                ,AORTA/GREAT VESSEL PROCEDURE              ,
33361 ,REPLACE AORTIC VALVE PERQ FEMORAL ARTRY APPROACH                    ,TAVR (perc fem artery approach)                                 ,TAVR                                      ,
33362 ,REPLACE AORTIC VALVE OPENFEMORAL ARTERY APPROACH                    ,Aortic valve procedure                                          ,TAVR                                      ,
33363 ,REPLACE AORTIC VALVE OPEN AXILLRY ARTRY APPROACH                    ,Aortic valve procedure                                          ,TAVR                                      ,
33364 ,REPLACE AORTIC VALVE OPEN ILIAC ARTERY APPROACH                     ,Aortic valve procedure                                          ,TAVR                                      ,
33365 ,REPLACE AORTIC VALVE OPEN TRANSAORTIC APPROACH                      ,Aortic valve procedure                                          ,TAVR                                      ,
33366 ,TRANSCATHETER TRANSAPICAL REPLACEMT AORTIC VALVE                    ,Aortic valve procedure                                          ,TAVR                                      ,
33390 ,VALVULOPLASTY AORTIC VALVE OPEN CARD BYP SIMPLE                     ,Aortic valve procedure                                          ,OPEN AORTIC VALVULOPLASTY                 ,
33391 ,VALVULOPLASTY AORTIC VALVE OPEN CARD BYP COMPLEX                    ,Aortic valve procedure                                          ,OPEN AORTIC VALVULOPLASTY                 ,
33404 ,PREPARE HEART-AORTA CONDUIT                                         ,Thoracic/cardiac procedure                                      ,AORTIC VALVE BYPASS                       ,
33405 ,RPLCMT PROST AORTIC VALVE OPEN XCP HOMOGRF/STENT                    ,Aortic valve replacement                                        ,OPEN AVR                                  ,
33406 ,REPLACE AORT VALVE W/ALLOGRAFT VALVE                                ,Aortic valve procedure                                          ,OPEN AVR                                  ,
33410 ,"REPLACE AORT VALV,TISSUE VALV"                                     ,Aortic valve procedure                                          ,OPEN AVR                                  ,
33411 ,RPLCMT AORTIC VALVE ANNULUS ENLGMENT NONC SINUS                     ,Aortic valve replacement                                        ,OPEN AVR                                  ,
33414 ,RPR VENTR O/F TRC OBSTRCJ PATCH ENLGMENT O/F TRC                    ,                                                                ,LEFT VENTRICLE PROCEDURE                  ,
33415 ,RESECTION/INCISION SUBVALVULAR TISSUE                               ,Aortic valve procedure                                          ,LEFT VENTRICLE PROCEDURE                  ,
33416 ,VENTRICULOMYOTOMY-MYECTOMY                                          ,                                                                ,LEFT VENTRICLE PROCEDURE                  ,
33417 ,AORTOPLASTY SUPRAVALVULAR STENOSIS                                  ,                                                                ,AORTA/GREAT VESSEL PROCEDURE              ,
33418 ,TCAT MITRAL VALVE REPAIR INITIAL PROSTHESIS                         ,TMVR (mitraclip)                                                ,TRANSCATHETER MITRAL VALVE PROCEDURE      ,
33419 ,TCAT MITRAL VALVE REPAIR ADDL PROSTHESIS                            ,TMVR (mitraclip)                                                ,TRANSCATHETER MITRAL VALVE PROCEDURE      ,
33422 ,VALVOTOMY MITRAL OPEN W CP BYPASS                                   ,Thoracic/cardiac procedure                                      ,MITRAL VALVE PROCEDURE                    ,
33425 ,VALVULOPLASTY MITRAL VALVE W/CARDIAC BYPASS                         ,Mitral/Tricuspid valve repair                                   ,OPEN MITRAL VALVULOPLASTY                 ,
33426 ,VLVP MITRAL VALVE W/CARD BYP W/PROSTC RING                          ,Mitral/Tricuspid valve repair                                   ,OPEN MITRAL VALVULOPLASTY                 ,
33427 ,VLVP MITRAL VALVE W/BYPASS RAD RCNSTJ W/WO RING                     ,Mitral/Tricuspid valve repair                                   ,OPEN MITRAL VALVULOPLASTY                 ,
33430 ,REPLACEMENT MITRAL VALVE W/CARDIOPULMONARY BYP                      ,Mitral/Tricuspid valve replacement                              ,OPEN MVR                                  ,
33460 ,VALVECTOMY TRICUSPID W CP BYPASS                                    ,Thoracic/cardiac procedure                                      ,TRICUSPID VALVE PROCEDURE                 ,
33463 ,VALVULOPLASTY TRICUSPID VALVE W/O RING INSERTION                    ,Mitral/Tricuspid valve repair                                   ,OPEN TRICUSPID VALVULOPLASTY              ,
33464 ,VALVULOPLASTY TRICUSPID VALVE W/RING INSERTION                      ,Mitral/Tricuspid valve repair                                   ,OPEN TRICUSPID VALVULOPLASTY              ,
33465 ,REPLACEMENT TRICUSPID VALVE W/CARD BYPASS                           ,Mitral/Tricuspid valve replacement                              ,OPEN TVR                                  ,
33474 ,PULM VALVOTOMY W CP BYPASS                                          ,Thoracic/cardiac procedure                                      ,PULMONARY VALVE PROCEDURE                 ,
33475 ,REPLACEMENT PULMONARY VALVE                                         ,                                                                ,OPEN PVR                                  ,
33476 ,R VENTRIC RESCJ INFUND STEN W/WO COMMISSUROTOMY                     ,                                                                ,RIGHT VENTRICLE PROCEDURE                 ,
33478 ,OUTFLOW TRACT AGMNTJ W/WO COMMISSUR/INFUND RESCJ                    ,                                                                ,RIGHT VENTRICLE PROCEDURE                 ,
33496 ,RPR NON-STRUCT PROSTC VALVE DYSFUNCTION W/BYPASS                    ,                                                                ,OPEN VALVE PROCEDURE                      ,
33500 ,RPR CORONARY AV/ARTERIOCAR CHMBR FSTL W/BYPASS                      ,                                                                ,CORONARY ARTERY ANOMALY PROCEDURE         ,
33501 ,REPAIR CORONARY FISTULA NO BYPASS                                   ,Thoracic/cardiac procedure                                      ,CORONARY ARTERY ANOMALY PROCEDURE         ,
33502 ,REANOMAL CORON ART PA ORIGIN BY LIGATN                              ,Thoracic/cardiac procedure                                      ,CORONARY ARTERY ANOMALY PROCEDURE         ,
33503 ,REANOMAL CORON ART PA ORIGIN BY GRAFT                               ,Thoracic/cardiac procedure                                      ,CORONARY ARTERY ANOMALY PROCEDURE         ,
33504 ,REANOMAL COR ART PA ORIGIN BY GRFT W PASS                           ,Thoracic/cardiac procedure                                      ,CORONARY ARTERY ANOMALY PROCEDURE         ,
33505 ,REANOMAL COR PA ORIGIN ART W/TUNNEL                                 ,Thoracic/cardiac procedure                                      ,CORONARY ARTERY ANOMALY PROCEDURE         ,
33506 ,RPR ANOM CORONARY ART FROM PULM ART TO AORTA                        ,                                                                ,CORONARY ARTERY ANOMALY PROCEDURE         ,
33507 ,RPR ANOM AORTIC ORIGIN CORONARY ART UNROOF/TLCJ                     ,                                                                ,CORONARY ARTERY ANOMALY PROCEDURE         ,
33508 ,NDSC SURG W/VIDEO-ASSISTED HARVEST VEIN CABG                        ,CABG                                                            ,CABG                                      ,
33510 ,CORONARY ARTERY BYPASS 1 CORONARY VENOUS GRAFT                      ,CABG                                                            ,CABG                                      ,
33511 ,CORONARY ARTERY BYPASS 2 CORONARY VENOUS GRAFTS                     ,CABG                                                            ,CABG                                      ,
33512 ,CORONARY ARTERY BYPASS 3 CORONARY VENOUS GRAFTS                     ,CABG                                                            ,CABG                                      ,
33513 ,CORONARY ARTERY BYPASS 4 CORONARY VENOUS GRAFTS                     ,CABG                                                            ,CABG                                      ,
33514 ,"CABG, VEIN, FIVE"                                                  ,CABG                                                            ,CABG                                      ,
33516 ,"CABG, VEIN, SIX+"                                                  ,CABG                                                            ,CABG                                      ,
33517 ,CORONARY ARTERY BYP W/VEIN & ARTERY GRAFT 1 VEIN                    ,CABG                                                            ,CABG                                      ,
33518 ,CORONARY ARTERY BYP W/VEIN & ARTERY GRAFT 2 VEIN                    ,CABG                                                            ,CABG                                      ,
33519 ,CORONARY ARTERY BYP W/VEIN & ARTERY GRAFT 3 VEIN                    ,CABG                                                            ,CABG                                      ,
33521 ,CORONARY ARTERY BYP W/VEIN & ARTERY GRAFT 4 VEIN                    ,CABG                                                            ,CABG                                      ,
33522 ,CORONARY ARTERY BYP W/VEIN & ARTERY GRAFT 5 VEIN                    ,CABG                                                            ,CABG                                      ,
33523 ,"CABG, ARTERY-VEIN, SIX+ "                                          ,CABG                                                            ,CABG                                      ,
33530 ,ROPRTJ CAB/VALVE PX > 1 MO AFTER ORIGINAL OPERJ                     ,                                                                ,REOPERATION CABG OR VALVE PROCEDURE       ,
33533 ,CABG W/ARTERIAL GRAFT SINGLE ARTERIAL GRAFT                         ,CABG                                                            ,CABG                                      ,
33534 ,CABG W/ARTERIAL GRAFT TWO ARTERIAL GRAFTS                           ,CABG                                                            ,CABG                                      ,
33535 ,CABG W/ARTERIAL GRAFT THREE ARTERIAL GRAFTS                         ,CABG                                                            ,CABG                                      ,
33536 ,CABG W/ARTERIAL GRAFT FOUR/>ARTERIAL GRAFTS                         ,CABG                                                            ,CABG                                      ,
33542 ,MYOCARDIAL RESECTION                                                ,                                                                ,VENTRICLE PROCEDURE                       ,
33545 ,RPR POSTINFRCJ VENTRICULAR SEPTAL DEFECT                            ,                                                                ,SEPTAL DEFECT PROCEDURE                   ,
33548 ,SURG VENTRICULAR RSTRJ PX W/PROSTC PATCH PFRMD                      ,                                                                ,VENTRICLE PROCEDURE                       ,
33572 ,CORONARY ENDARTERCOMY OPEN ANY METHOD                               ,                                                                ,CABG                                      ,
33641 ,RPR ATRIAL SEPTAL DFCT SECUNDUM W/BYP W/WO PATCH                    ,                                                                ,SEPTAL DEFECT PROCEDURE                   ,
33645 ,DIR/PTCH CLS SINUS VENOSUS W/WO ANOM PUL VEN DRG                    ,                                                                ,SEPTAL DEFECT PROCEDURE                   ,
33647 ,RPR ATRIAL & VENTRIC SEPTAL DFCT DIR/PATCH CLS                      ,                                                                ,SEPTAL DEFECT PROCEDURE                   ,
33675 ,CLOSE MULTIPLE VSD                                                  ,Thoracic/cardiac procedure                                      ,SEPTAL DEFECT PROCEDURE                   ,
33681 ,CLSR 1 VENTRICULAR SEPTAL DEFECT W/WO PATCH                         ,                                                                ,SEPTAL DEFECT PROCEDURE                   ,
33702 ,RPR SINUS VALSALVA FISTULA                                          ,                                                                ,SINUS OF VALSALVA PROCEDURE               ,
33710 ,REVALSALVA FISTULA & VSD                                            ,Thoracic/cardiac procedure                                      ,SINUS OF VALSALVA PROCEDURE               ,
33720 ,REVALSALVA ANEURYSM                                                 ,Thoracic/cardiac procedure                                      ,SINUS OF VALSALVA PROCEDURE               ,
33722 ,CLOS AORT-LT VENT TUNNEL                                            ,Thoracic/cardiac procedure                                      ,SINUS OF VALSALVA PROCEDURE               ,
33724 ,REPAIR ISOLATED PARTIAL PULM VENOUS RETURN                          ,                                                                ,PULMONARY VEIN ANOMALY PROCEDURE          ,
33800 ,AORTIC SUSPENSN FOR TRACH DECOMPRE                                  ,Thoracic/cardiac procedure                                      ,AORTIC ANOMALY PROCEDURE                  ,
33802 ,DIVISN ABERRANT VESSEL                                              ,Thoracic/cardiac procedure                                      ,AORTIC ANOMALY PROCEDURE                  ,
33803 ,DIVISN ABER VESS W REANAST                                          ,Thoracic/cardiac procedure                                      ,AORTIC ANOMALY PROCEDURE                  ,
33858 ,ASC-AORTA GRFT W/CARD BYPASS FOR AORTIC DISSECTION                  ,Ascending Aorta graft disection                                 ,THORACIC AORTA ANEURYSM PROCEDURE         ,
33859 ,ASC-AORTA GRFT W/CARD BYPASS FOR AORTIC DIS OTH THN DISSECTION      ,Ascending Aorta graft aneurysm/etc.                             ,THORACIC AORTA ANEURYSM PROCEDURE         ,
33860 ,ASCENDING AORTA GRF W/CARD BYP & VALVE SSP                          ,                                                                ,THORACIC AORTA ANEURYSM PROCEDURE         ,
33863 ,AS-AORT GRF W/CARD BYP & AORTIC ROOT RPLCMT                         ,Ascending Aorta graft with aortic root replacement (Bentall)    ,THORACIC AORTA ANEURYSM PROCEDURE         ,
33864 ,ASCENDING AORTA GRF VALVE SPARE ROOT REMODEL                        ,Ascending Aorta graft with valve-sparing aortic root remodeling ,THORACIC AORTA ANEURYSM PROCEDURE         ,
33870 ,TRANSVERSE ARCH GRAFT W/CARDIOPULMONARY BYPASS                      ,                                                                ,THORACIC AORTA ANEURYSM PROCEDURE         ,
33871 ,TRANSVRS AORTIC ARCH GRFT W/CARD BYPASS PROFOUND HYPOTHERMIA        ,Aortic Arch graft                                               ,THORACIC AORTA ANEURYSM PROCEDURE         ,
33875 ,DESCENDING THORACIC AORTA GRAFT W/WO BYPASS                         ,Descending Thoracic Aorta graft                                 ,THORACIC AORTA ANEURYSM PROCEDURE         ,
33877 ,RPR THORACOABDOMINAL AORTIC ANEURYS W/WO BYPASS                     ,                                                                ,THORACOABDOMINAL AORTA ANEURYSM PROCEDURE ,
33880 ,EVASC RPR DTA COVERAGE ART ORIGIN 1ST ENDOPROSTH                    ,Aortic surgery code                                             ,ENDOVASCULAR THORACIC AORTA PROCEDURE     ,
33881 ,EVASC RPR DTA EXP COVERAGE W/O ART ORIGIN                           ,Aortic surgery code                                             ,ENDOVASCULAR THORACIC AORTA PROCEDURE     ,
33910 ,PULMONARY ARTERY EMBOLECTOMY W/CARD BYPASS                          ,                                                                ,PULMONARY ARTERY PROCEDURE                ,
33915 ,REMOVE PUL ART EMBOLI NO BYPASS                                     ,Thoracic/cardiac procedure                                      ,PULMONARY ARTERY PROCEDURE                ,
33916 ,PULMONARY ENDARTERCOMY W/WO EMBOLECTOMY W/BYPASS                    ,                                                                ,PULMONARY ARTERY PROCEDURE                ,
33917 ,RPR PULMONARY ART STENOSIS RCNSTJ W/PATCH/GRAFT                     ,                                                                ,PULMONARY ARTERY PROCEDURE                ,
33944 ,BKBENCH PREPJ CADAVER DONOR HEART ALLOGRAFT                         ,Preparation of donor heart                                      ,EXCLUDE/IGNORE                            ,? The lung transplant backbench codes had this
33945 ,HEART TRANSPLANT W/WO RECIPIENT CARDIECTOMY                         ,Heart transplant                                                ,HEART TRANSPLANT                          ,
33952 ,ECMO/ECLS INSJ OF PRPH CANNULA 6 YRS&OLDER PERQ                     ,ECMO                                                            ,ECMO                                      ,
33954 ,ECMO/ECLS INSJ OF PRPH CANNULA 6 YRS&OLDER OPEN                     ,ECMO                                                            ,ECMO                                      ,
33956 ,ECMO/ECLS INSJ OF CENTRAL CANNULA 6 YRS & OLDER                     ,ECMO                                                            ,ECMO                                      ,
33958 ,ECMO/ECLS REPOS PERPH CANNULA PRQ 6 YRS & OLDER                     ,ECMO                                                            ,ECMO                                      ,
33962 ,ECMO/ECLS REPOS PERPH CANNULA OPEN 6 YRS & OLDER                    ,ECMO                                                            ,ECMO                                      ,
33964 ,ECMO/ECLS ECLS REPOS CENTRAL CNULA 6YRS & OLDER                     ,ECMO                                                            ,ECMO                                      ,
33966 ,ECMO/ECLS RMVL OF PRPH CANNULA PRQ 6 YRS & OLDER                    ,ECMO                                                            ,ECMO                                      ,
33973 ,INSRT AORTIC BALLOON THRU ASC AORT                                  ,Thoracic/cardiac procedure                                      ,IABP                                      ,
33974 ,REMV AORTIC BALLOON FROM ASC AORT                                   ,Thoracic/cardiac procedure                                      ,IABP                                      ,
33975 ,INSJ VENTRIC ASSIST DEV XTRCORP SINGLE VENTRICLE                    ,LVAD Insertion                                                  ,VAD                                       ,
33976 ,INSJ VENTRIC ASSIST DEV XTRCORP BIVENTRICULAR                       ,LVAD Insertion                                                  ,VAD                                       ,
33977 ,REMOVAL VENTR ASSIST DEVICE XTRCORP 1 VENTRICLE                     ,LVAD Removal                                                    ,VAD                                       ,
33978 ,REMOVAL VENTR ASSIST DEVICE XTRCORP BIVENTR                         ,LVAD Removal                                                    ,VAD                                       ,
33979 ,INSJ VENTR ASSIST DEV IMPLTABLE ICORP 1 VNTRC                       ,LVAD Insertion                                                  ,VAD                                       ,
33980 ,RMVL VENTR ASSIST DEV IMPLTABLE ICORP 1 VNTRC                       ,LVAD Removal                                                    ,VAD                                       ,
33981 ,RPLCMT XTRCORP VAD 1/BIVENTR PUMP 1/EA PUMP                         ,LVAD Replacement of Pump(s)                                     ,VAD                                       ,
33982 ,"REPLACE VENT ASST DEV, IMPLANT INTRACORP, SINGLE VENT, W/O BYPASS" ,LVAD Replacement of Pump(s)                                     ,VAD                                       ,
33983 ,RPLCMT VAD PMP IMPLTBL ICORP 1 VNTR W/BYPASS                        ,LVAD Replacement of Pump(s)                                     ,VAD                                       ,
33984 ,ECMO/ECLS RMVL PRPH CANNULA OPEN 6 YRS & OLDER                      ,ECMO                                                            ,ECMO                                      ,
33986 ,ECMO/ECLS RMVL OF CENTRAL CANNULA 6 YRS & OLDER                     ,ECMO                                                            ,ECMO                                      ,
33987 ,ARTERY EXPOS/GRAFT ARTERY PERFUSION ECMO/ECLS                       ,ECMO                                                            ,ECMO                                      ,
33988 ,INSERT LEFT HEART VENT BY THORACIC INC ECMO/ECLS                    ,ECMO                                                            ,ECMO                                      ,
33989 ,RMVL LEFT HEART VENT BY THORACIC INCIS ECMO/ECLS                    ,ECMO                                                            ,ECMO                                      ,
33990 ,INSJ PERQ VAD W/IMAGING ARTERY ACCESS ONLY                          ,LVAD Insertion                                                  ,VAD                                       ,
33991 ,INSJ PERQ VAD TRNSPTAL W/IMAGE ART&VENOUS ACCESS                    ,LVAD Insertion                                                  ,VAD                                       ,
33992 ,REMOVAL PERCUTANEOUS VAD DIFFERENT SESSION                          ,LVAD Removal                                                    ,VAD                                       ,
38746 ,THORCOM THRC W/MEDSTNL & REGIONAL LMPHADEC                          ,                                                                ,LYMPHADENECTOMY                           ,
39010 ,MEDIAST W/EXPL DRG RMVL FB/BX TTHRC APPR                            ,                                                                ,MEDIASTINAL PROCEDURE                     ,
39200 ,RESECTION OF MEDIASTINAL CYST                                       ,                                                                ,MEDIASTINAL PROCEDURE                     ,
39220 ,RESECTION MEDIASTINAL TUMOR                                         ,                                                                ,MEDIASTINAL PROCEDURE                     ,
39401 ,MEDIASTINOSCOPY INCLUDES MEDIASTINAL MASS BIOPSY                    ,                                                                ,MEDIASTINAL PROCEDURE                     ,
39402 ,MEDIASTINOSCOPY WITH LYMPH NODE BIOPSY/IES                          ,                                                                ,MEDIASTINAL PROCEDURE                     ,
39501 ,REPAIR DIAPHRAGM LACERATION                                         ,Thoracic/Lung procedure                                         ,DIAPHRAGM PROCEDURE                       ,
39540 ,REPAIR DIAPHR HERNIA TRAUMA ACUTE                                   ,Thoracic/Lung procedure                                         ,DIAPHRAGM PROCEDURE                       ,
39541 ,RPR DIPHRG HRNA OTH/THN NEONATAL TRAUMTC CHRNC                      ,                                                                ,DIAPHRAGM PROCEDURE                       ,
39545 ,IMBRICATION DIAPHRAGM EVENTRATION                                   ,                                                                ,DIAPHRAGM PROCEDURE                       ,
39560 ,RESCJ DIAPHRAGM W/SIMPLE REPAIR                                     ,                                                                ,DIAPHRAGM PROCEDURE                       ,
39561 ,RESCJ DIAPHRAGM W/COMPLEX REPAIR                                    ,                                                                ,DIAPHRAGM PROCEDURE                       ,
43117 ,PRTL ESOPHECT DSTL W/WO PROX GASTRECT/PYLORPLSTY                    ,                                                                ,ESOPHAGEAL PROCEDURE                      ,
43235 ,ESOPHAGOGASTRODUODENOSCOPY TRANSORAL DIAGNOSTIC                     ,                                                                ,EGD                                       ,
43237 ,"ENDOSCOPIC US EXAM, ESOPH "                                        ,Common GI procedure                                             ,EGD                                       ,
43246 ,EGD PERCUTANEOUS PLACEMENT GASTROSTOMY TUBE                         ,                                                                ,EGD                                       ,
43247 ,EGD FLEXIBLE FOREIGN BODY REMOVAL                                   ,                                                                ,EGD                                       ,
43248 ,EGD INSERT GUIDE WIRE DILATOR PASSAGE ESOPHAGUS                     ,                                                                ,EGD                                       ,
43266 ,EGD ENDOSCOPIC STENT PLACEMENT W/WIRE& DILATION                     ,                                                                ,EGD                                       ,
60521 ,THYMECTOMY PRTL/TOT W/O RAD MEDSTNL DSJ SPX                         ,Thymectomy                                                      ,OPEN THYMECTOMY                           ,
60522 ,THYMECTOMY PRTL/TOT RAD MEDSTNL DSJ SPX                             ,Thymectomy                                                      ,OPEN THYMECTOMY                           ,
64804 ,"SYMPATHECTOMY,CERVICOTHORACIC"                                     ,General thoracic procedure                                      ,OPEN SYMPATHECTOMY                        ,
64809 ,"SYMPATHECTOMY,THORACOLUMBAR"                                       ,General thoracic procedure                                      ,OPEN SYMPATHECTOMY                        ,
0345T ,TRANSCATH MITRAL VALVE REPAIR VIA CORONARY SINUS                    ,Mitral valve procedure                                          ,TRANSCATHETER MITRAL VALVE PROCEDURE      ,
0483T ,TMVI W/PROSTHETIC VALVE PERCUTANEOUS APPROACH                       ,Mitral valve procedure                                          ,TRANSCATHETER MITRAL VALVE PROCEDURE      ,
0484T ,TMVI W/PROSTHETIC VALVE TRANSTHORACIC EXPOSURE                      ,Mitral valve procedure                                          ,TRANSCATHETER MITRAL VALVE PROCEDURE      ,
0543T ,TRANSAPICAL MV RPR W/TTE PLMT ARTIF CHORDAE TEND                    ,Mitral valve procedure                                          ,TRANSCATHETER MITRAL VALVE PROCEDURE      ,
0544T ,TCAT MV ANN RCNSTN W/IMPL ADJST ANN RCNSTN DEV                      ,Mitral valve procedure                                          ,TRANSCATHETER MITRAL VALVE PROCEDURE      ,
0545T ,TCAT TV ANN RCNSTN W/IMPL ADJST ANN RCNSTN DEV                      ,Tricuspid valve procedure                                       ,TRANSCATHETER TRICUSPID VALVE PROCEDURE   ,
0569T ,TTVR PERCUTANEOUS APPROACH INITIAL PROSTHESIS                       ,Tricuspid valve procedure                                       ,TRANSCATHETER TRICUSPID VALVE PROCEDURE   ,
0570T ,TTVR PERCUTANEOUS APPROACH EACH ADDL PROSTHESIS                     ,Tricuspid valve procedure                                       ,TRANSCATHETER TRICUSPID VALVE PROCEDURE   ,
